dataset_name,table_name,column_name,data_type
gold_layer,mart_ltv_cohorts,cohort_month,TIMESTAMP
gold_layer,mart_ltv_cohorts,acquisition_source,STRING
gold_layer,mart_ltv_cohorts,total_users_in_cohort,INT64
gold_layer,mart_ltv_cohorts,total_lifetime_orders,INT64
gold_layer,mart_ltv_cohorts,total_cohort_revenue,FLOAT64
gold_layer,mart_ltv_cohorts,ltv_per_user,FLOAT64
gold_layer,mart_global_fulfillment,avg_fulfillment_latency_days,FLOAT64
gold_layer,mart_global_fulfillment,avg_ofct_days,FLOAT64
gold_layer,mart_global_fulfillment,warehouse_share_of_total_time_pct,FLOAT64
gold_layer,mart_global_fulfillment,projected_ofct_after_fix,FLOAT64
gold_layer,mart_cohort_retention,cohort_month,DATE
gold_layer,mart_cohort_retention,initial_users,INT64
gold_layer,mart_cohort_retention,month_number,INT64
gold_layer,mart_cohort_retention,active_users,INT64
gold_layer,mart_cohort_retention,retention_rate,FLOAT64
gold_layer,mart_dc_fulfillment,distribution_center,STRING
gold_layer,mart_dc_fulfillment,volume_share_pct,FLOAT64
gold_layer,mart_dc_fulfillment,avg_fulfillment_latency_days,FLOAT64
gold_layer,mart_dc_fulfillment,avg_ofct_days,FLOAT64
gold_layer,mart_product_leakage,category,STRING
gold_layer,mart_product_leakage,gross_revenue,FLOAT64
gold_layer,mart_product_leakage,net_revenue,FLOAT64
gold_layer,mart_product_leakage,return_loss,FLOAT64
gold_layer,mart_product_leakage,return_rate_pct,FLOAT64
gold_layer,mart_product_leakage,cancel_loss,FLOAT64
gold_layer,mart_product_leakage,cancel_rate_pct,FLOAT64
gold_layer,mart_product_leakage,total_loss_pct,FLOAT64
gold_layer,mart_segmented_retention,segment,STRING
gold_layer,mart_segmented_retention,month_number,INT64
gold_layer,mart_segmented_retention,initial_users,INT64
gold_layer,mart_segmented_retention,active_users,INT64
gold_layer,mart_segmented_retention,retention_rate_pct,FLOAT64
gold_layer,mart_rfm_segments,user_id,STRING
gold_layer,mart_rfm_segments,recency_days,INT64
gold_layer,mart_rfm_segments,frequency,INT64
gold_layer,mart_rfm_segments,monetary_value,FLOAT64
gold_layer,mart_rfm_segments,r_score,INT64
gold_layer,mart_rfm_segments,f_score,INT64
gold_layer,mart_rfm_segments,m_score,INT64
gold_layer,mart_rfm_segments,rfm_segment,STRING
gold_layer,mart_ltv_12m_segmentation,user_id,STRING
gold_layer,mart_ltv_12m_segmentation,first_basket_size,FLOAT64
gold_layer,mart_ltv_12m_segmentation,ltv_12_months,FLOAT64
gold_layer,mart_ltv_12m_segmentation,customer_segment,STRING
silver_layer,stg_online_events,user_id,STRING
silver_layer,stg_online_events,created_at,TIMESTAMP
silver_layer,stg_online_events,event_type,STRING
silver_layer,stg_online_events,traffic_source,STRING
silver_layer,int_order_attribution,order_id,STRING
silver_layer,int_order_attribution,user_id,STRING
silver_layer,int_order_attribution,order_created_at,TIMESTAMP
silver_layer,int_order_attribution,has_timeline_anomaly,BOOL
silver_layer,int_order_attribution,traffic_source,STRING
silver_layer,stg_users,user_id,STRING
silver_layer,stg_users,created_at,TIMESTAMP
silver_layer,stg_users,state,STRING
silver_layer,stg_users,country,STRING
silver_layer,stg_users,acquisition_source,STRING
silver_layer,stg_order_items,order_item_id,STRING
silver_layer,stg_order_items,order_id,STRING
silver_layer,stg_order_items,user_id,STRING
silver_layer,stg_order_items,product_id,STRING
silver_layer,stg_order_items,created_at,TIMESTAMP
silver_layer,stg_order_items,shipped_at,TIMESTAMP
silver_layer,stg_order_items,delivered_at,TIMESTAMP
silver_layer,stg_order_items,returned_at,TIMESTAMP
silver_layer,stg_order_items,status,STRING
silver_layer,stg_order_items,sale_price,FLOAT64
silver_layer,stg_order_items,cost,FLOAT64
silver_layer,stg_order_items,is_realized_revenue,BOOL
silver_layer,stg_order_items,is_returned,BOOL
silver_layer,stg_order_items,is_cancelled,BOOL
silver_layer,stg_order_items,gross_margin_amount,FLOAT64
silver_layer,stg_distribution_centers,id,INT64
silver_layer,stg_distribution_centers,name,STRING
silver_layer,stg_distribution_centers,lat,FLOAT64
silver_layer,stg_distribution_centers,lon,FLOAT64
silver_layer,int_user_lifecycle,user_id,STRING
silver_layer,int_user_lifecycle,first_order_at,TIMESTAMP
silver_layer,int_user_lifecycle,last_order_at,TIMESTAMP
silver_layer,int_user_lifecycle,lifetime_orders,INT64
silver_layer,int_user_lifecycle,lifetime_revenue,FLOAT64
silver_layer,int_user_lifecycle,acquisition_source,STRING
silver_layer,int_user_lifecycle,account_created_at,TIMESTAMP
silver_layer,stg_products,product_id,STRING
silver_layer,stg_products,category,STRING
silver_layer,stg_products,name,STRING
silver_layer,stg_products,brand,STRING
silver_layer,stg_products,retail_price,FLOAT64
silver_layer,stg_products,cost,FLOAT64
silver_layer,stg_products,department,STRING
silver_layer,stg_products,distribution_center_id,INT64
silver_layer,stg_products,base_return_rate,FLOAT64
silver_layer,stg_orders,order_id,STRING
silver_layer,stg_orders,user_id,STRING
silver_layer,stg_orders,created_at,TIMESTAMP
silver_layer,stg_orders,shipped_at,TIMESTAMP
silver_layer,stg_orders,delivered_at,TIMESTAMP
silver_layer,stg_orders,status,STRING
silver_layer,stg_orders,distribution_center_id,INT64
silver_layer,stg_orders,is_realized_order,BOOL
silver_layer,user_churn_data,user_id,STRING
silver_layer,user_churn_data,days_to_value,FLOAT64
silver_layer,user_churn_data,total_order_count,INT64
silver_layer,user_churn_data,bought_high_risk_gear,INT64
silver_layer,user_churn_data,first_order_value,FLOAT64
silver_layer,user_churn_data,avg_delivery_hours,FLOAT64
silver_layer,user_churn_data,total_returns,INT64
silver_layer,user_churn_data,total_cancelled,INT64
silver_layer,user_churn_data,total_historical_spend,FLOAT64
silver_layer,user_churn_data,recency_days,INT64
silver_layer,user_churn_data,return_rate_pct,FLOAT64
silver_layer,user_churn_data,historical_aov,FLOAT64
silver_layer,user_churn_data,has_churned,BOOL